{"cameraMode":{"drawMode":0,"name":"Shaded","section":"Shading Mode"},"sceneLighting":true,"audioPlay":false,"sceneViewState":{"m_AlwaysRefresh":false,"showFog":true,"showSkybox":true,"showFlares":true,"showImageEffects":true,"showParticleSystems":true,"showVisualEffectGraphs":true,"m_FxEnabled":true},"in2DMode":false,"pivot":{"x":-15.150874137878418,"y":2.2969322204589845,"z":-1.7036199569702149},"rotation":{"x":-0.19488434493541718,"y":0.3513897955417633,"z":-0.07488026469945908,"w":-0.9127201437950134},"size":20.140159606933595,"orthographic":false}